FEATURE_ID,SVDATE,RST_STEPS,RST_LIFT,BOROUGH,PHOTO1_URL,PHOTO2_URL,geometry
RWG108213,2017-11-15,0,1,Hammersmith & Fulham,https://cycleassetimages.data.tfl.gov.uk/RWG108213_1.jpg,https://cycleassetimages.data.tfl.gov.uk/RWG108213_2.jpg,"c(-0.2195757673, 51.5090865241)"
RWG108212,2017-11-15,1,0,Hammersmith & Fulham,https://cycleassetimages.data.tfl.gov.uk/RWG108212_1.jpg,https://cycleassetimages.data.tfl.gov.uk/RWG108212_2.jpg,"c(-0.2195666438, 51.5090420089)"
RWG030896,2017-08-21,1,0,Camden,https://cycleassetimages.data.tfl.gov.uk/RWG030896_1.jpg,https://cycleassetimages.data.tfl.gov.uk/RWG030896_2.jpg,"c(-0.122481023, 51.5356204612)"
RWG025669,2017-07-09,1,0,Camden,https://cycleassetimages.data.tfl.gov.uk/RWG025669_1.jpg,https://cycleassetimages.data.tfl.gov.uk/RWG025669_2.jpg,"c(-0.1357266225, 51.5404464278)"
RWG025670,2017-07-09,1,0,Camden,https://cycleassetimages.data.tfl.gov.uk/RWG025670_1.jpg,https://cycleassetimages.data.tfl.gov.uk/RWG025670_2.jpg,"c(-0.1303857036, 51.5375696423)"
RWG025668,2017-07-09,1,0,Islington,https://cycleassetimages.data.tfl.gov.uk/RWG025668_1.jpg,https://cycleassetimages.data.tfl.gov.uk/RWG025668_2.jpg,"c(-0.0941712511, 51.5340154364)"
RWG030897,2017-08-21,1,0,Islington,https://cycleassetimages.data.tfl.gov.uk/RWG030897_1.jpg,https://cycleassetimages.data.tfl.gov.uk/RWG030897_2.jpg,"c(-0.1150597957, 51.5349651936)"
RWG030898,2017-08-21,1,0,Islington,https://cycleassetimages.data.tfl.gov.uk/RWG030898_1.jpg,https://cycleassetimages.data.tfl.gov.uk/RWG030898_2.jpg,"c(-0.1167067265, 51.5350782739)"
RWG025666,2017-07-09,1,0,Islington,https://cycleassetimages.data.tfl.gov.uk/RWG025666_1.jpg,https://cycleassetimages.data.tfl.gov.uk/RWG025666_2.jpg,"c(-0.0970998751, 51.5329946177)"
RWG152353,2017-12-19,1,0,Tower Hamlets,https://cycleassetimages.data.tfl.gov.uk/RWG152353_1.jpg,https://cycleassetimages.data.tfl.gov.uk/RWG152353_2.jpg,"c(-0.0546636155, 51.5091968199)"
RWG153234,2018-01-15,1,0,Westminster,https://cycleassetimages.data.tfl.gov.uk/RWG153234_1.jpg,https://cycleassetimages.data.tfl.gov.uk/RWG153234_2.jpg,"c(-0.1247273738, 51.494940595)"
RWG108729,2017-09-10,1,0,Tower Hamlets,https://cycleassetimages.data.tfl.gov.uk/RWG108729_1.jpg,https://cycleassetimages.data.tfl.gov.uk/RWG108729_2.jpg,"c(-0.0279622768, 51.5058580372)"
RWG108730,2017-07-03,0,1,Tower Hamlets,https://cycleassetimages.data.tfl.gov.uk/RWG108730_1.jpg,https://cycleassetimages.data.tfl.gov.uk/RWG108730_2.jpg,"c(-0.0279571788, 51.5057637086)"
RWG153697,2018-01-12,1,0,Lambeth,https://cycleassetimages.data.tfl.gov.uk/RWG153697_1.jpg,https://cycleassetimages.data.tfl.gov.uk/RWG153697_2.jpg,"c(-0.1198829441, 51.5006659834)"
RWG135663,2017-11-29,1,0,Westminster,https://cycleassetimages.data.tfl.gov.uk/RWG135663_1.jpg,https://cycleassetimages.data.tfl.gov.uk/RWG135663_2.jpg,"c(-0.1741471572, 51.5117368837)"
RWG135664,2017-11-29,1,0,Westminster,https://cycleassetimages.data.tfl.gov.uk/RWG135664_1.jpg,https://cycleassetimages.data.tfl.gov.uk/RWG135664_2.jpg,"c(-0.1585040598, 51.5118253596)"
RWG083059,2017-08-11,1,0,Wandsworth,https://cycleassetimages.data.tfl.gov.uk/RWG083059_1.jpg,https://cycleassetimages.data.tfl.gov.uk/RWG083059_2.jpg,"c(-0.2335830681, 51.4447593889)"
RWG083060,2017-08-11,1,0,Wandsworth,https://cycleassetimages.data.tfl.gov.uk/RWG083060_1.jpg,https://cycleassetimages.data.tfl.gov.uk/RWG083060_2.jpg,"c(-0.2279337256, 51.4465076722)"
RWG083058,2017-08-11,1,0,Wandsworth,https://cycleassetimages.data.tfl.gov.uk/RWG083058_1.jpg,https://cycleassetimages.data.tfl.gov.uk/RWG083058_2.jpg,"c(-0.2334787723, 51.4443107335)"
RWG135991,2017-12-04,1,0,Southwark,https://cycleassetimages.data.tfl.gov.uk/no_asset_photo.png,https://cycleassetimages.data.tfl.gov.uk/no_asset_photo.png,"c(-0.0691730084, 51.4875396221)"
RWG135992,2017-12-04,1,0,Southwark,https://cycleassetimages.data.tfl.gov.uk/no_asset_photo.png,https://cycleassetimages.data.tfl.gov.uk/no_asset_photo.png,"c(-0.0690446597, 51.487427952)"
RWG097873,2017-10-19,1,0,Tower Hamlets,https://cycleassetimages.data.tfl.gov.uk/RWG097873_1.jpg,https://cycleassetimages.data.tfl.gov.uk/RWG097873_2.jpg,"c(-0.0229678544, 51.5414521522)"
RWG097872,2017-10-19,1,0,Tower Hamlets,https://cycleassetimages.data.tfl.gov.uk/RWG097872_1.jpg,https://cycleassetimages.data.tfl.gov.uk/RWG097872_2.jpg,"c(-0.0226192193, 51.5412626674)"
RWG151745,2017-12-18,1,0,Tower Hamlets,https://cycleassetimages.data.tfl.gov.uk/RWG151745_1.jpg,https://cycleassetimages.data.tfl.gov.uk/RWG151745_2.jpg,"c(-0.0165784537, 51.5419800686)"
RWG151746,2017-12-18,1,0,Tower Hamlets,https://cycleassetimages.data.tfl.gov.uk/RWG151746_1.jpg,https://cycleassetimages.data.tfl.gov.uk/RWG151746_2.jpg,"c(-0.0166841983, 51.5415057655)"
RWG151747,2017-12-18,1,0,Tower Hamlets,https://cycleassetimages.data.tfl.gov.uk/RWG151747_1.jpg,https://cycleassetimages.data.tfl.gov.uk/RWG151747_2.jpg,"c(-0.0181901996, 51.5405713293)"
RWG073870,2017-07-25,1,0,Southwark,https://cycleassetimages.data.tfl.gov.uk/RWG073870_1.jpg,https://cycleassetimages.data.tfl.gov.uk/RWG073870_2.jpg,"c(-0.0452509278, 51.5010597767)"
RWG135989,2017-12-04,1,0,Southwark,https://cycleassetimages.data.tfl.gov.uk/no_asset_photo.png,https://cycleassetimages.data.tfl.gov.uk/no_asset_photo.png,"c(-0.0701452955, 51.4876578603)"
RWG135990,2017-12-04,1,0,Southwark,https://cycleassetimages.data.tfl.gov.uk/no_asset_photo.png,https://cycleassetimages.data.tfl.gov.uk/no_asset_photo.png,"c(-0.0699044223, 51.4876412595)"
RWG151748,2017-12-18,1,0,Tower Hamlets,https://cycleassetimages.data.tfl.gov.uk/RWG151748_1.jpg,https://cycleassetimages.data.tfl.gov.uk/RWG151748_2.jpg,"c(-0.0173920971, 51.5430569193)"
RWG010475,2017-06-13,1,0,Hackney,https://cycleassetimages.data.tfl.gov.uk/RWG010475_1.jpg,https://cycleassetimages.data.tfl.gov.uk/RWG010475_2.jpg,"c(-0.0589464539, 51.5731424382)"
RWG097874,2017-10-22,1,0,Hackney,https://cycleassetimages.data.tfl.gov.uk/RWG097874_1.jpg,https://cycleassetimages.data.tfl.gov.uk/RWG097874_2.jpg,"c(-0.0386754239, 51.5582247938)"
RWG151749,2017-12-18,1,0,Hackney,https://cycleassetimages.data.tfl.gov.uk/RWG151749_1.jpg,https://cycleassetimages.data.tfl.gov.uk/RWG151749_2.jpg,"c(-0.0168342527, 51.5440462407)"
RWG151744,2017-08-28,0,1,Hackney,https://cycleassetimages.data.tfl.gov.uk/RWG151744_1.jpg,https://cycleassetimages.data.tfl.gov.uk/RWG151744_2.jpg,"c(-0.0226294736, 51.5445444536)"
RWG999727,2018-05-10,0,0,Southwark,https://cycleassetimages.data.tfl.gov.uk/RWG999727_1.jpg,https://cycleassetimages.data.tfl.gov.uk/RWG999727_2.jpg,"c(-0.0336515406, 51.4983468403)"
RWG103241,2017-08-23,1,0,Southwark,https://cycleassetimages.data.tfl.gov.uk/RWG103241_1.jpg,https://cycleassetimages.data.tfl.gov.uk/RWG103241_2.jpg,"c(-0.04960012, 51.450029596)"
RWG103242,2017-08-23,1,0,Southwark,https://cycleassetimages.data.tfl.gov.uk/RWG103242_1.jpg,https://cycleassetimages.data.tfl.gov.uk/RWG103242_2.jpg,"c(-0.0509940036, 51.4501072397)"
RWG103243,2017-08-23,1,0,Southwark,https://cycleassetimages.data.tfl.gov.uk/RWG103243_1.jpg,https://cycleassetimages.data.tfl.gov.uk/RWG103243_2.jpg,"c(-0.0534926925, 51.4518699757)"
RWG110603,2017-08-10,1,0,Wandsworth,https://cycleassetimages.data.tfl.gov.uk/RWG110603_1.jpg,https://cycleassetimages.data.tfl.gov.uk/RWG110603_2.jpg,"c(-0.186538314, 51.4638292148)"
RWG103239,2017-08-23,1,0,Southwark,https://cycleassetimages.data.tfl.gov.uk/RWG103239_1.jpg,https://cycleassetimages.data.tfl.gov.uk/RWG103239_2.jpg,"c(-0.0496853884, 51.4505218374)"
RWG103240,2017-08-23,1,0,Southwark,https://cycleassetimages.data.tfl.gov.uk/RWG103240_1.jpg,https://cycleassetimages.data.tfl.gov.uk/RWG103240_2.jpg,"c(-0.0520501856, 51.4505333064)"
RWG999728,2018-05-10,0,0,Southwark,https://cycleassetimages.data.tfl.gov.uk/RWG999728_1.jpg,https://cycleassetimages.data.tfl.gov.uk/RWG999728_2.jpg,"c(-0.0328204422, 51.4983148032)"
RWG103244,2017-11-02,1,0,Lambeth,https://cycleassetimages.data.tfl.gov.uk/RWG103244_1.jpg,https://cycleassetimages.data.tfl.gov.uk/RWG103244_2.jpg,"c(-0.0917311523, 51.4647093777)"
RWG098555,2017-08-14,1,0,Lambeth,https://cycleassetimages.data.tfl.gov.uk/RWG098555_1.jpg,https://cycleassetimages.data.tfl.gov.uk/RWG098555_2.jpg,"c(-0.1174752529, 51.4507840714)"
RWG149079,2017-09-25,1,0,Waltham Forest,https://cycleassetimages.data.tfl.gov.uk/RWG149079_1.jpg,https://cycleassetimages.data.tfl.gov.uk/RWG149079_2.jpg,"c(-0.0409325013, 51.5684053767)"
RWG149080,2017-09-25,1,0,Waltham Forest,https://cycleassetimages.data.tfl.gov.uk/RWG149080_1.jpg,https://cycleassetimages.data.tfl.gov.uk/RWG149080_2.jpg,"c(-0.0406649126, 51.5685709004)"
RWG149082,2017-09-26,1,0,Enfield,https://cycleassetimages.data.tfl.gov.uk/RWG149082_1.jpg,https://cycleassetimages.data.tfl.gov.uk/RWG149082_2.jpg,"c(-0.0871953522, 51.6159089717)"
RWG149077,2017-09-21,1,0,Enfield,https://cycleassetimages.data.tfl.gov.uk/RWG149077_1.jpg,https://cycleassetimages.data.tfl.gov.uk/RWG149077_2.jpg,"c(-0.0958399744, 51.6162607355)"
RWG149078,2017-09-21,1,0,Enfield,https://cycleassetimages.data.tfl.gov.uk/RWG149078_1.jpg,https://cycleassetimages.data.tfl.gov.uk/RWG149078_2.jpg,"c(-0.0959310055, 51.6165187078)"
RWG149081,2017-09-26,1,0,Enfield,https://cycleassetimages.data.tfl.gov.uk/RWG149081_1.jpg,https://cycleassetimages.data.tfl.gov.uk/RWG149081_2.jpg,"c(-0.0862813575, 51.6159400873)"
RWG149085,2017-10-04,1,0,Waltham Forest,https://cycleassetimages.data.tfl.gov.uk/RWG149085_1.jpg,https://cycleassetimages.data.tfl.gov.uk/RWG149085_2.jpg,"c(-0.0583678924, 51.5731674492)"
RWG276287,2018-03-13,1,0,Waltham Forest,https://cycleassetimages.data.tfl.gov.uk/RWG276287_1.jpg,https://cycleassetimages.data.tfl.gov.uk/RWG276287_2.jpg,"c(-0.0292153501, 51.6029928212)"
RWG149083,2017-09-26,1,0,Enfield,https://cycleassetimages.data.tfl.gov.uk/RWG149083_1.jpg,https://cycleassetimages.data.tfl.gov.uk/RWG149083_2.jpg,"c(-0.0869248973, 51.6168451079)"
RWG149084,2017-09-26,1,0,Enfield,https://cycleassetimages.data.tfl.gov.uk/RWG149084_1.jpg,https://cycleassetimages.data.tfl.gov.uk/RWG149084_2.jpg,"c(-0.0859082817, 51.6166580258)"
RWG277934,2018-03-14,1,0,Richmond upon Thames,https://cycleassetimages.data.tfl.gov.uk/RWG277934_1.jpg,https://cycleassetimages.data.tfl.gov.uk/RWG277934_2.jpg,"c(-0.3021843455, 51.4526961237)"
RWG277935,2018-03-14,1,0,Richmond upon Thames,https://cycleassetimages.data.tfl.gov.uk/RWG277935_1.jpg,https://cycleassetimages.data.tfl.gov.uk/RWG277935_2.jpg,"c(-0.3017656344, 51.4519916759)"
RWG171850,2017-11-08,1,0,Newham,https://cycleassetimages.data.tfl.gov.uk/RWG171850_1.jpg,https://cycleassetimages.data.tfl.gov.uk/RWG171850_2.jpg,"c(0.0329871016, 51.516843395)"
RWG276725,2018-03-14,1,0,Bexley,https://cycleassetimages.data.tfl.gov.uk/RWG276725_1.jpg,https://cycleassetimages.data.tfl.gov.uk/RWG276725_2.jpg,"c(0.1357293383, 51.4830043322)"
RWG276853,2018-03-14,1,0,Bexley,https://cycleassetimages.data.tfl.gov.uk/RWG276853_1.jpg,https://cycleassetimages.data.tfl.gov.uk/RWG276853_2.jpg,"c(0.1281483637, 51.4915877852)"
RWG276726,2018-03-14,1,0,Bexley,https://cycleassetimages.data.tfl.gov.uk/RWG276726_1.jpg,https://cycleassetimages.data.tfl.gov.uk/RWG276726_2.jpg,"c(0.1280967953, 51.4899651322)"
RWG171852,2017-11-17,1,0,Greenwich,https://cycleassetimages.data.tfl.gov.uk/RWG171852_1.jpg,https://cycleassetimages.data.tfl.gov.uk/RWG171852_2.jpg,"c(0.1117902497, 51.5014092947)"
RWG171853,2017-11-17,1,0,Greenwich,https://cycleassetimages.data.tfl.gov.uk/RWG171853_1.jpg,https://cycleassetimages.data.tfl.gov.uk/RWG171853_2.jpg,"c(0.1116815587, 51.5012536926)"
RWG244292,2018-02-19,1,0,Greenwich,https://cycleassetimages.data.tfl.gov.uk/RWG244292_1.jpg,https://cycleassetimages.data.tfl.gov.uk/RWG244292_2.jpg,"c(0.0997612186, 51.4781158467)"
RWG244293,2018-02-19,1,0,Greenwich,https://cycleassetimages.data.tfl.gov.uk/RWG244293_1.jpg,https://cycleassetimages.data.tfl.gov.uk/RWG244293_2.jpg,"c(0.0904763129, 51.5023872765)"
RWG171851,2017-11-13,1,0,Greenwich,https://cycleassetimages.data.tfl.gov.uk/RWG171851_1.jpg,https://cycleassetimages.data.tfl.gov.uk/RWG171851_2.jpg,"c(0.0705563613, 51.4696949365)"
RWG289783,2018-03-23,1,0,Barking & Dagenham,https://cycleassetimages.data.tfl.gov.uk/RWG289783_1.jpg,https://cycleassetimages.data.tfl.gov.uk/RWG289783_2.jpg,"c(0.1792143169, 51.5464802464)"
RWG289784,2018-03-23,1,0,Barking & Dagenham,https://cycleassetimages.data.tfl.gov.uk/RWG289784_1.jpg,https://cycleassetimages.data.tfl.gov.uk/RWG289784_2.jpg,"c(0.179305415, 51.5462685751)"
RWG157327,2017-10-27,1,0,Newham,https://cycleassetimages.data.tfl.gov.uk/RWG157327_1.jpg,https://cycleassetimages.data.tfl.gov.uk/RWG157327_2.jpg,"c(-0.020496996, 51.5376200494)"
RWG157328,2017-10-27,1,0,Newham,https://cycleassetimages.data.tfl.gov.uk/RWG157328_1.jpg,https://cycleassetimages.data.tfl.gov.uk/RWG157328_2.jpg,"c(-0.0170236097, 51.5370873124)"
RWG157329,2017-10-27,1,0,Newham,https://cycleassetimages.data.tfl.gov.uk/RWG157329_1.jpg,https://cycleassetimages.data.tfl.gov.uk/RWG157329_2.jpg,"c(-0.017180717, 51.5371207673)"
RWG157330,2017-10-29,1,0,Newham,https://cycleassetimages.data.tfl.gov.uk/RWG157330_1.jpg,https://cycleassetimages.data.tfl.gov.uk/RWG157330_2.jpg,"c(-0.0118556661, 51.540773542)"
RWG157333,2017-10-29,1,0,Newham,https://cycleassetimages.data.tfl.gov.uk/RWG157333_1.jpg,https://cycleassetimages.data.tfl.gov.uk/RWG157333_2.jpg,"c(-0.0095010267, 51.5395652363)"
RWG157331,2017-10-29,1,0,Newham,https://cycleassetimages.data.tfl.gov.uk/RWG157331_1.jpg,https://cycleassetimages.data.tfl.gov.uk/RWG157331_2.jpg,"c(-0.0116941536, 51.5404595129)"
RWG157332,2017-10-29,1,0,Newham,https://cycleassetimages.data.tfl.gov.uk/RWG157332_1.jpg,https://cycleassetimages.data.tfl.gov.uk/RWG157332_2.jpg,"c(-0.0097724377, 51.5394326078)"
RWG198027,2017-11-14,1,0,Greenwich,https://cycleassetimages.data.tfl.gov.uk/RWG198027_1.jpg,https://cycleassetimages.data.tfl.gov.uk/RWG198027_2.jpg,"c(0.0411714316, 51.4420938466)"
RWG276881,2018-02-26,1,0,Greenwich,https://cycleassetimages.data.tfl.gov.uk/RWG276881_1.jpg,https://cycleassetimages.data.tfl.gov.uk/RWG276881_2.jpg,"c(-0.0241672942, 51.4829697448)"
RWG289785,2018-03-28,1,0,Redbridge,https://cycleassetimages.data.tfl.gov.uk/RWG289785_1.jpg,https://cycleassetimages.data.tfl.gov.uk/RWG289785_2.jpg,"c(0.0344212443, 51.602966052)"
RWG289786,2018-03-28,1,0,Redbridge,https://cycleassetimages.data.tfl.gov.uk/RWG289786_1.jpg,https://cycleassetimages.data.tfl.gov.uk/RWG289786_2.jpg,"c(0.0343510457, 51.6028126271)"
RWG276882,2018-02-26,1,0,Lewisham,https://cycleassetimages.data.tfl.gov.uk/RWG276882_1.jpg,https://cycleassetimages.data.tfl.gov.uk/RWG276882_2.jpg,"c(-0.0317390772, 51.488179294)"
RWG198028,2017-11-21,1,0,Lewisham,https://cycleassetimages.data.tfl.gov.uk/RWG198028_1.jpg,https://cycleassetimages.data.tfl.gov.uk/RWG198028_2.jpg,"c(-0.030176523, 51.4776545652)"
RWG198030,2017-11-22,1,0,Lewisham,https://cycleassetimages.data.tfl.gov.uk/RWG198030_1.jpg,https://cycleassetimages.data.tfl.gov.uk/RWG198030_2.jpg,"c(-0.0239613308, 51.4799667861)"
RWG290581,2018-03-20,1,0,Croydon,https://cycleassetimages.data.tfl.gov.uk/RWG290581_1.jpg,https://cycleassetimages.data.tfl.gov.uk/RWG290581_2.jpg,"c(-0.1340748211, 51.3131992227)"
RWG290584,2018-04-04,1,0,Croydon,https://cycleassetimages.data.tfl.gov.uk/RWG290584_1.jpg,https://cycleassetimages.data.tfl.gov.uk/RWG290584_2.jpg,"c(-0.1366304483, 51.3130458627)"
RWG290580,2018-03-20,1,0,Croydon,https://cycleassetimages.data.tfl.gov.uk/RWG290580_1.jpg,https://cycleassetimages.data.tfl.gov.uk/RWG290580_2.jpg,"c(-0.1277219554, 51.3163722431)"
RWG290586,2018-04-04,1,0,Croydon,https://cycleassetimages.data.tfl.gov.uk/RWG290586_1.jpg,https://cycleassetimages.data.tfl.gov.uk/RWG290586_2.jpg,"c(-0.1387889121, 51.3111269646)"
RWG276884,2018-03-09,1,0,Greenwich,https://cycleassetimages.data.tfl.gov.uk/RWG276884_1.jpg,https://cycleassetimages.data.tfl.gov.uk/RWG276884_2.jpg,"c(-0.0054638531, 51.4748835403)"
RWG276883,2018-03-09,1,0,Greenwich,https://cycleassetimages.data.tfl.gov.uk/RWG276883_1.jpg,https://cycleassetimages.data.tfl.gov.uk/RWG276883_2.jpg,"c(-0.0054474426, 51.4748888602)"
RWG291878,2018-04-25,1,0,Lewisham,https://cycleassetimages.data.tfl.gov.uk/RWG291878_1.jpg,https://cycleassetimages.data.tfl.gov.uk/RWG291878_2.jpg,"c(-0.0281850121, 51.4335455938)"
RWG291877,2018-04-25,1,0,Lewisham,https://cycleassetimages.data.tfl.gov.uk/RWG291877_1.jpg,https://cycleassetimages.data.tfl.gov.uk/RWG291877_2.jpg,"c(-0.0642828999, 51.4411366342)"
RWG207936,2018-02-07,1,0,Croydon,https://cycleassetimages.data.tfl.gov.uk/RWG207936_1.jpg,https://cycleassetimages.data.tfl.gov.uk/RWG207936_2.jpg,"c(-0.0981708784, 51.3827713105)"
RWG290582,2018-03-21,1,0,Croydon,https://cycleassetimages.data.tfl.gov.uk/RWG290582_1.jpg,https://cycleassetimages.data.tfl.gov.uk/RWG290582_2.jpg,"c(-0.1354947715, 51.3143231981)"
RWG290583,2018-03-29,1,0,Croydon,https://cycleassetimages.data.tfl.gov.uk/RWG290583_1.jpg,https://cycleassetimages.data.tfl.gov.uk/RWG290583_2.jpg,"c(-0.0435785332, 51.3436466475)"
RWG233460,2018-01-11,1,0,Hounslow,https://cycleassetimages.data.tfl.gov.uk/RWG233460_1.jpg,https://cycleassetimages.data.tfl.gov.uk/RWG233460_2.jpg,"c(-0.3535564839, 51.4784834443)"
RWG290585,2018-04-04,1,0,Croydon,https://cycleassetimages.data.tfl.gov.uk/RWG290585_1.jpg,https://cycleassetimages.data.tfl.gov.uk/RWG290585_2.jpg,"c(-0.1373673316, 51.3123012536)"
RWG290588,2018-04-06,1,0,Croydon,https://cycleassetimages.data.tfl.gov.uk/RWG290588_1.jpg,https://cycleassetimages.data.tfl.gov.uk/RWG290588_2.jpg,"c(-0.1101763404, 51.3258873265)"
RWG999316,2018-08-21,0,0,Croydon,https://cycleassetimages.data.tfl.gov.uk/no_asset_photo.png,https://cycleassetimages.data.tfl.gov.uk/no_asset_photo.png,"c(-0.0308970047, 51.362817361)"
RWG290579,2018-03-20,1,0,Croydon,https://cycleassetimages.data.tfl.gov.uk/RWG290579_1.jpg,https://cycleassetimages.data.tfl.gov.uk/RWG290579_2.jpg,"c(-0.1257219422, 51.3129336361)"
RWG290587,2018-04-04,1,0,Croydon,https://cycleassetimages.data.tfl.gov.uk/RWG290587_1.jpg,https://cycleassetimages.data.tfl.gov.uk/RWG290587_2.jpg,"c(-0.1407638975, 51.3071797805)"
RWG233469,2018-02-15,1,0,Richmond upon Thames,https://cycleassetimages.data.tfl.gov.uk/RWG233469_1.jpg,https://cycleassetimages.data.tfl.gov.uk/RWG233469_2.jpg,"c(-0.3063686509, 51.457865882)"
RWG233470,2018-02-15,1,0,Richmond upon Thames,https://cycleassetimages.data.tfl.gov.uk/RWG233470_1.jpg,https://cycleassetimages.data.tfl.gov.uk/RWG233470_2.jpg,"c(-0.3066939507, 51.4579529329)"
RWG233466,2018-02-13,1,0,Hounslow,https://cycleassetimages.data.tfl.gov.uk/RWG233466_1.jpg,https://cycleassetimages.data.tfl.gov.uk/RWG233466_2.jpg,"c(-0.3176988549, 51.4868011823)"
RWG233473,2018-02-15,1,0,Richmond upon Thames,https://cycleassetimages.data.tfl.gov.uk/RWG233473_1.jpg,https://cycleassetimages.data.tfl.gov.uk/RWG233473_2.jpg,"c(-0.3075779234, 51.458541709)"
RWG233474,2018-02-15,1,0,Richmond upon Thames,https://cycleassetimages.data.tfl.gov.uk/RWG233474_1.jpg,https://cycleassetimages.data.tfl.gov.uk/RWG233474_2.jpg,"c(-0.3139196223, 51.460820512)"
RWG233464,2018-02-13,1,0,Hounslow,https://cycleassetimages.data.tfl.gov.uk/RWG233464_1.jpg,https://cycleassetimages.data.tfl.gov.uk/RWG233464_2.jpg,"c(-0.3193654699, 51.487208624)"
RWG233465,2018-02-13,1,0,Hounslow,https://cycleassetimages.data.tfl.gov.uk/RWG233465_1.jpg,https://cycleassetimages.data.tfl.gov.uk/RWG233465_2.jpg,"c(-0.3191502511, 51.4869747654)"
RWG233475,2018-02-15,1,0,Richmond upon Thames,https://cycleassetimages.data.tfl.gov.uk/RWG233475_1.jpg,https://cycleassetimages.data.tfl.gov.uk/RWG233475_2.jpg,"c(-0.3135802911, 51.4606879739)"
RWG233476,2018-02-16,1,0,Richmond upon Thames,https://cycleassetimages.data.tfl.gov.uk/RWG233476_1.jpg,https://cycleassetimages.data.tfl.gov.uk/RWG233476_2.jpg,"c(-0.2875351632, 51.4861186935)"
RWG233462,2018-01-12,1,0,Richmond upon Thames,https://cycleassetimages.data.tfl.gov.uk/RWG233462_1.jpg,https://cycleassetimages.data.tfl.gov.uk/RWG233462_2.jpg,"c(-0.2920485242, 51.4643616471)"
RWG233468,2018-02-15,1,0,Richmond upon Thames,https://cycleassetimages.data.tfl.gov.uk/RWG233468_1.jpg,https://cycleassetimages.data.tfl.gov.uk/RWG233468_2.jpg,"c(-0.3059269222, 51.4560572898)"
RWG233471,2018-02-15,1,0,Richmond upon Thames,https://cycleassetimages.data.tfl.gov.uk/RWG233471_1.jpg,https://cycleassetimages.data.tfl.gov.uk/RWG233471_2.jpg,"c(-0.3069184656, 51.4581045661)"
RWG233472,2018-02-15,1,0,Richmond upon Thames,https://cycleassetimages.data.tfl.gov.uk/RWG233472_1.jpg,https://cycleassetimages.data.tfl.gov.uk/RWG233472_2.jpg,"c(-0.3072081208, 51.458296791)"
RWG233452,2017-12-22,1,0,Ealing,https://cycleassetimages.data.tfl.gov.uk/RWG233452_1.jpg,https://cycleassetimages.data.tfl.gov.uk/RWG233452_2.jpg,"c(-0.2637220028, 51.4943128832)"
RWG233453,2017-12-22,1,0,Ealing,https://cycleassetimages.data.tfl.gov.uk/RWG233453_1.jpg,https://cycleassetimages.data.tfl.gov.uk/RWG233453_2.jpg,"c(-0.2637220028, 51.4943128832)"
RWG233459,2018-01-09,1,0,Richmond upon Thames,https://cycleassetimages.data.tfl.gov.uk/RWG233459_1.jpg,https://cycleassetimages.data.tfl.gov.uk/RWG233459_2.jpg,"c(-0.2921839292, 51.4647120929)"
RWG291130,2018-03-29,1,0,Hounslow,https://cycleassetimages.data.tfl.gov.uk/RWG291130_1.jpg,https://cycleassetimages.data.tfl.gov.uk/RWG291130_2.jpg,"c(-0.3044652639, 51.4948143583)"
RWG291128,2018-03-29,1,0,Richmond upon Thames,https://cycleassetimages.data.tfl.gov.uk/RWG291128_1.jpg,https://cycleassetimages.data.tfl.gov.uk/RWG291128_2.jpg,"c(-0.2283502464, 51.4853128612)"
RWG293234,2018-05-31,1,0,Richmond upon Thames,https://cycleassetimages.data.tfl.gov.uk/RWG293234_1.jpg,https://cycleassetimages.data.tfl.gov.uk/RWG293234_2.jpg,"c(-0.2530184037, 51.4723967673)"
RWG233461,2018-01-11,1,0,Hounslow,https://cycleassetimages.data.tfl.gov.uk/RWG233461_1.jpg,https://cycleassetimages.data.tfl.gov.uk/RWG233461_2.jpg,"c(-0.3532341909, 51.4785019376)"
RWG233467,2018-02-13,1,0,Hounslow,https://cycleassetimages.data.tfl.gov.uk/RWG233467_1.jpg,https://cycleassetimages.data.tfl.gov.uk/RWG233467_2.jpg,"c(-0.3170339455, 51.4866157047)"
RWG261274,2018-03-07,1,0,Brent,https://cycleassetimages.data.tfl.gov.uk/RWG261274_1.jpg,https://cycleassetimages.data.tfl.gov.uk/RWG261274_2.jpg,"c(-0.3263717145, 51.5779168325)"
RWG292814,2018-04-11,1,0,Brent,https://cycleassetimages.data.tfl.gov.uk/RWG292814_1.jpg,https://cycleassetimages.data.tfl.gov.uk/RWG292814_2.jpg,"c(-0.2843397162, 51.5322573305)"
RWG233477,2018-02-16,1,0,Richmond upon Thames,https://cycleassetimages.data.tfl.gov.uk/RWG233477_1.jpg,https://cycleassetimages.data.tfl.gov.uk/RWG233477_2.jpg,"c(-0.2872128032, 51.4852978735)"
RWG233478,2018-02-16,1,0,Richmond upon Thames,https://cycleassetimages.data.tfl.gov.uk/RWG233478_1.jpg,https://cycleassetimages.data.tfl.gov.uk/RWG233478_2.jpg,"c(-0.2875553027, 51.4852969828)"
RWG233454,2017-12-22,1,0,Ealing,https://cycleassetimages.data.tfl.gov.uk/RWG233454_1.jpg,https://cycleassetimages.data.tfl.gov.uk/RWG233454_2.jpg,"c(-0.2638419336, 51.4945667902)"
RWG290589,2018-04-09,1,0,Merton,https://cycleassetimages.data.tfl.gov.uk/RWG290589_1.jpg,https://cycleassetimages.data.tfl.gov.uk/RWG290589_2.jpg,"c(-0.1744479702, 51.3993297876)"
RWG282088,2018-03-22,1,0,Haringey,https://cycleassetimages.data.tfl.gov.uk/RWG282088_1.jpg,https://cycleassetimages.data.tfl.gov.uk/no_asset_photo.png,"c(-0.1565951977, 51.6015983043)"
RWG282089,2018-03-22,1,0,Haringey,https://cycleassetimages.data.tfl.gov.uk/RWG282089_1.jpg,https://cycleassetimages.data.tfl.gov.uk/RWG282089_2.jpg,"c(-0.1555975196, 51.5952234116)"
RWG282087,2018-03-22,1,0,Haringey,https://cycleassetimages.data.tfl.gov.uk/RWG282087_1.jpg,https://cycleassetimages.data.tfl.gov.uk/RWG282087_2.jpg,"c(-0.1159027749, 51.5906464721)"
RWG282074,2018-02-21,1,0,Haringey,https://cycleassetimages.data.tfl.gov.uk/no_asset_photo.png,https://cycleassetimages.data.tfl.gov.uk/RWG282074_2.jpg,"c(-0.1385691599, 51.5746215421)"
RWG282075,2018-02-21,1,0,Haringey,https://cycleassetimages.data.tfl.gov.uk/RWG282075_1.jpg,https://cycleassetimages.data.tfl.gov.uk/RWG282075_2.jpg,"c(-0.1394029049, 51.5749747024)"
RWG261271,2018-01-15,1,0,Harrow,https://cycleassetimages.data.tfl.gov.uk/RWG261271_1.jpg,https://cycleassetimages.data.tfl.gov.uk/RWG261271_2.jpg,"c(-0.3725118497, 51.6128583125)"
RWG291127,2018-03-20,1,0,Ealing,https://cycleassetimages.data.tfl.gov.uk/RWG291127_1.jpg,https://cycleassetimages.data.tfl.gov.uk/RWG291127_2.jpg,"c(-0.3425933478, 51.5032489507)"
RWG233458,2018-01-03,1,0,Ealing,https://cycleassetimages.data.tfl.gov.uk/RWG233458_1.jpg,https://cycleassetimages.data.tfl.gov.uk/RWG233458_2.jpg,"c(-0.2983361421, 51.5030671661)"
RWG233463,2018-02-13,1,0,Ealing,https://cycleassetimages.data.tfl.gov.uk/RWG233463_1.jpg,https://cycleassetimages.data.tfl.gov.uk/RWG233463_2.jpg,"c(-0.3380234561, 51.5006238646)"
RWG233479,2018-02-19,1,0,Ealing,https://cycleassetimages.data.tfl.gov.uk/RWG233479_1.jpg,https://cycleassetimages.data.tfl.gov.uk/RWG233479_2.jpg,"c(-0.3219580827, 51.524850783)"
RWG292097,2018-04-24,1,0,Ealing,https://cycleassetimages.data.tfl.gov.uk/RWG292097_1.jpg,https://cycleassetimages.data.tfl.gov.uk/RWG292097_2.jpg,"c(-0.3786454536, 51.5428236801)"
RWG292098,2018-04-24,1,0,Ealing,https://cycleassetimages.data.tfl.gov.uk/RWG292098_1.jpg,https://cycleassetimages.data.tfl.gov.uk/RWG292098_2.jpg,"c(-0.3662581791, 51.5396839786)"
RWG233456,2018-01-03,1,0,Ealing,https://cycleassetimages.data.tfl.gov.uk/RWG233456_1.jpg,https://cycleassetimages.data.tfl.gov.uk/RWG233456_2.jpg,"c(-0.2980312189, 51.5030852366)"
RWG233455,2018-01-03,1,0,Ealing,https://cycleassetimages.data.tfl.gov.uk/RWG233455_1.jpg,https://cycleassetimages.data.tfl.gov.uk/RWG233455_2.jpg,"c(-0.2979414197, 51.5031109287)"
RWG261273,2018-03-07,1,0,Ealing,https://cycleassetimages.data.tfl.gov.uk/RWG261273_1.jpg,https://cycleassetimages.data.tfl.gov.uk/RWG261273_2.jpg,"c(-0.325233303, 51.5421473642)"
RWG282084,2018-03-06,1,0,Barnet,https://cycleassetimages.data.tfl.gov.uk/RWG282084_1.jpg,https://cycleassetimages.data.tfl.gov.uk/no_asset_photo.png,"c(-0.226931042, 51.5966083465)"
RWG282072,2018-02-05,1,0,Barnet,https://cycleassetimages.data.tfl.gov.uk/RWG282072_1.jpg,https://cycleassetimages.data.tfl.gov.uk/RWG282072_2.jpg,"c(-0.2090115945, 51.6534921163)"
RWG233457,2018-01-03,1,0,Ealing,https://cycleassetimages.data.tfl.gov.uk/RWG233457_1.jpg,https://cycleassetimages.data.tfl.gov.uk/RWG233457_2.jpg,"c(-0.2982498572, 51.5030893834)"
RWG291129,2018-03-29,1,0,Ealing,https://cycleassetimages.data.tfl.gov.uk/RWG291129_1.jpg,https://cycleassetimages.data.tfl.gov.uk/RWG291129_2.jpg,"c(-0.3359320969, 51.5018652611)"
RWG282073,2018-02-18,1,0,Haringey,https://cycleassetimages.data.tfl.gov.uk/RWG282073_1.jpg,https://cycleassetimages.data.tfl.gov.uk/RWG282073_2.jpg,"c(-0.1266705408, 51.5747547741)"
RWG292811,2018-04-10,1,0,Barnet,https://cycleassetimages.data.tfl.gov.uk/RWG292811_1.jpg,https://cycleassetimages.data.tfl.gov.uk/RWG292811_2.jpg,"c(-0.2836497495, 51.6226991458)"
RWG292816,2018-05-21,1,0,Barnet,https://cycleassetimages.data.tfl.gov.uk/RWG292816_1.jpg,https://cycleassetimages.data.tfl.gov.uk/RWG292816_2.jpg,"c(-0.2774400839, 51.6211838791)"
RWG282090,2018-03-26,1,0,Haringey,https://cycleassetimages.data.tfl.gov.uk/no_asset_photo.png,https://cycleassetimages.data.tfl.gov.uk/RWG282090_2.jpg,"c(-0.0833371031, 51.5770447773)"
RWG282079,2018-02-27,1,0,Haringey,https://cycleassetimages.data.tfl.gov.uk/RWG282079_1.jpg,https://cycleassetimages.data.tfl.gov.uk/no_asset_photo.png,"c(-0.1272422603, 51.5748640262)"
RWG282078,2018-02-23,1,0,Haringey,https://cycleassetimages.data.tfl.gov.uk/RWG282078_1.jpg,https://cycleassetimages.data.tfl.gov.uk/no_asset_photo.png,"c(-0.0567151672, 51.596423317)"
RWG292091,2018-04-04,1,0,Ealing,https://cycleassetimages.data.tfl.gov.uk/RWG292091_1.jpg,https://cycleassetimages.data.tfl.gov.uk/RWG292091_2.jpg,"c(-0.418033027, 51.5398901825)"
RWG292092,2018-04-06,1,0,Ealing,https://cycleassetimages.data.tfl.gov.uk/RWG292092_1.jpg,https://cycleassetimages.data.tfl.gov.uk/RWG292092_2.jpg,"c(-0.3432135222, 51.5084749691)"
RWG292095,2018-04-24,1,0,Ealing,https://cycleassetimages.data.tfl.gov.uk/RWG292095_1.jpg,https://cycleassetimages.data.tfl.gov.uk/RWG292095_2.jpg,"c(-0.37745697, 51.5433992528)"
RWG282076,2018-02-23,1,0,Haringey,https://cycleassetimages.data.tfl.gov.uk/RWG282076_1.jpg,https://cycleassetimages.data.tfl.gov.uk/no_asset_photo.png,"c(-0.0558184987, 51.5962549848)"
RWG282077,2018-02-23,1,0,Haringey,https://cycleassetimages.data.tfl.gov.uk/RWG282077_1.jpg,https://cycleassetimages.data.tfl.gov.uk/RWG282077_2.jpg,"c(-0.0558913998, 51.5961902148)"
RWG282094,2018-03-26,1,0,Haringey,https://cycleassetimages.data.tfl.gov.uk/RWG282094_1.jpg,https://cycleassetimages.data.tfl.gov.uk/RWG282094_2.jpg,"c(-0.130786857, 51.6052083072)"
RWG999280,2018-06-04,1,0,Haringey,https://cycleassetimages.data.tfl.gov.uk/RWG999280_1.jpg,https://cycleassetimages.data.tfl.gov.uk/RWG999280_2.jpg,"c(-0.1073959262, 51.5989778541)"
RWG282097,2018-03-27,1,0,Barnet,https://cycleassetimages.data.tfl.gov.uk/RWG282097_1.jpg,https://cycleassetimages.data.tfl.gov.uk/RWG282097_2.jpg,"c(-0.2419215374, 51.6409723407)"
RWG282096,2018-03-27,1,0,Barnet,https://cycleassetimages.data.tfl.gov.uk/no_asset_photo.png,https://cycleassetimages.data.tfl.gov.uk/RWG282096_2.jpg,"c(-0.1908142537, 51.6495717876)"
RWG261272,2018-01-15,1,0,Harrow,https://cycleassetimages.data.tfl.gov.uk/RWG261272_1.jpg,https://cycleassetimages.data.tfl.gov.uk/RWG261272_2.jpg,"c(-0.3727868497, 51.6126933119)"
RWG292812,2018-04-10,1,0,Harrow,https://cycleassetimages.data.tfl.gov.uk/RWG292812_1.jpg,https://cycleassetimages.data.tfl.gov.uk/RWG292812_2.jpg,"c(-0.2959649451, 51.6106401553)"
RWG292813,2018-04-11,1,0,Harrow,https://cycleassetimages.data.tfl.gov.uk/RWG292813_1.jpg,https://cycleassetimages.data.tfl.gov.uk/RWG292813_2.jpg,"c(-0.3238979555, 51.6214636848)"
RWG282091,2018-03-26,1,0,Haringey,https://cycleassetimages.data.tfl.gov.uk/no_asset_photo.png,https://cycleassetimages.data.tfl.gov.uk/RWG282091_2.jpg,"c(-0.0832303378, 51.5767759099)"
RWG282093,2018-03-26,1,0,Haringey,https://cycleassetimages.data.tfl.gov.uk/RWG282093_1.jpg,https://cycleassetimages.data.tfl.gov.uk/RWG282093_2.jpg,"c(-0.1285241779, 51.6042676408)"
RWG282085,2018-03-22,1,0,Barnet,https://cycleassetimages.data.tfl.gov.uk/no_asset_photo.png,https://cycleassetimages.data.tfl.gov.uk/RWG282085_2.jpg,"c(-0.1838482393, 51.5851015944)"
RWG282086,2018-03-22,1,0,Barnet,https://cycleassetimages.data.tfl.gov.uk/no_asset_photo.png,https://cycleassetimages.data.tfl.gov.uk/RWG282086_2.jpg,"c(-0.1835709213, 51.5850788732)"
RWG282092,2018-03-26,1,0,Barnet,https://cycleassetimages.data.tfl.gov.uk/RWG282092_1.jpg,https://cycleassetimages.data.tfl.gov.uk/RWG282092_2.jpg,"c(-0.1587142949, 51.6204727106)"
RWG282095,2018-03-26,1,0,Barnet,https://cycleassetimages.data.tfl.gov.uk/RWG282095_1.jpg,https://cycleassetimages.data.tfl.gov.uk/RWG282095_2.jpg,"c(-0.1443974, 51.6090897109)"
RWG292810,2018-04-10,1,0,Barnet,https://cycleassetimages.data.tfl.gov.uk/RWG292810_1.jpg,https://cycleassetimages.data.tfl.gov.uk/RWG292810_2.jpg,"c(-0.2837084581, 51.6229416166)"
RWG292817,2018-05-21,1,0,Barnet,https://cycleassetimages.data.tfl.gov.uk/RWG292817_1.jpg,https://cycleassetimages.data.tfl.gov.uk/RWG292817_2.jpg,"c(-0.2773339377, 51.6214732047)"
RWG282080,2018-02-27,1,0,Haringey,https://cycleassetimages.data.tfl.gov.uk/RWG282080_1.jpg,https://cycleassetimages.data.tfl.gov.uk/RWG282080_2.jpg,"c(-0.1346436501, 51.5744545871)"
RWG282081,2018-03-06,1,0,Haringey,https://cycleassetimages.data.tfl.gov.uk/RWG282081_1.jpg,https://cycleassetimages.data.tfl.gov.uk/RWG282081_2.jpg,"c(-0.0593215002, 51.5819941557)"
RWG282082,2018-03-06,1,0,Haringey,https://cycleassetimages.data.tfl.gov.uk/RWG282082_1.jpg,https://cycleassetimages.data.tfl.gov.uk/no_asset_photo.png,"c(-0.0563635968, 51.5842322553)"
RWG292815,2018-04-11,1,0,Harrow,https://cycleassetimages.data.tfl.gov.uk/RWG292815_1.jpg,https://cycleassetimages.data.tfl.gov.uk/RWG292815_2.jpg,"c(-0.3544994827, 51.6214593561)"
RWG282083,2018-03-06,1,0,Haringey,https://cycleassetimages.data.tfl.gov.uk/RWG282083_1.jpg,https://cycleassetimages.data.tfl.gov.uk/no_asset_photo.png,"c(-0.0564844638, 51.5847827689)"
RWG282098,2018-03-27,1,0,Barnet,https://cycleassetimages.data.tfl.gov.uk/no_asset_photo.png,https://cycleassetimages.data.tfl.gov.uk/RWG282098_2.jpg,"c(-0.201463899, 51.658989599)"
RWG292096,2018-04-24,1,0,Ealing,https://cycleassetimages.data.tfl.gov.uk/RWG292096_1.jpg,https://cycleassetimages.data.tfl.gov.uk/RWG292096_2.jpg,"c(-0.3769681473, 51.5431769426)"
RWG292094,2018-04-10,1,0,Hillingdon,https://cycleassetimages.data.tfl.gov.uk/RWG292094_1.jpg,https://cycleassetimages.data.tfl.gov.uk/RWG292094_2.jpg,"c(-0.4717562371, 51.5012663834)"
RWG292090,2018-04-04,1,0,Hillingdon,https://cycleassetimages.data.tfl.gov.uk/RWG292090_1.jpg,https://cycleassetimages.data.tfl.gov.uk/RWG292090_2.jpg,"c(-0.4174285796, 51.4934662779)"
RWG292093,2018-04-09,1,0,Hillingdon,https://cycleassetimages.data.tfl.gov.uk/RWG292093_1.jpg,https://cycleassetimages.data.tfl.gov.uk/RWG292093_2.jpg,"c(-0.4436116254, 51.5581716633)"
